tag,count
concreto,4566
concreto aparente,2566
público,2364
alvenaria,2025
pilar,1946
fachada,1917
vidro,1837
ferro,1682
vegetação,1621
residência,1617
madeira,1340
praça,1202
casa,1150
edifício,1146
esquadria,1118
cobertura,1023
habitação,1020
pedra,961
viga,943
cerâmica,932
prédio,923
janela,881
concreto armado,873
rua,871
jardim,867
caixilho,854
circulação,846
pano de vidro,836
parque,796
gramado,789
laje,753
banco,737
escola,735
projeto,735
educacional,722
estação rodoviária,660
maquete,658
calçada,628
tijolo de barro,613
guarda-corpo,584
escada,572
faculdade,557
brise,551
telhado,542
coluna,532
abertura,510
concreto pintado,506
igreja,503
luminária,491
estrutura,460
desnível,457
construção,445
guarda corpo,440
mobiliário,439
poste,409
janela basculante,408
esportivo,405
rampa,402
#573,399
marquise,393
canteiro,392
beiral,390
telha,389
canteiro de obras,384
museu,368
porta,367
clube,366
arco,360
empena,349
abertura zenital,343
escultura,339
parede curva,337
patamar,324
aço,323
religioso,322
platibanda,318
ribeirão preto,318
arquitetura moderna,305
muro,290
painel,284
parede,275
degrau,274
fachada de vidro,273
comercial,272
abóbada,256
turístico,255
árvore de porte,252
mureta,250
ornamento,244
água,241
modernismo,237
terra,233
hans broos,219
granito,213
universidade,213
telha cerâmica,212
azulejo,211
cultural,211
brutalismo,209
cobogó,208
transporte,207
pilotis,207
passarela,201
bloco de concreto,201
lazer,200
pórtico,198
fachada cega,194
desenho,191
veneziana,191
elemento vazado,190
laje nervurada,185
ministério,183
vão,183
mosaico português,181
escadaria,181
torre,180
tijolo,180
corrimão,179
administrativo,179
espaco573,174
#espaco573,173
varanda,172
cimento,170
centro cívico,169
iluminação zenital,168
terraço,165
montante,165
estação de trem,165
rodoviária,159
mezanino,159
573,153
pastilha,152
colônia de férias,152
paralelepípedo,151
centro cultural,150
centro recreativo,149
conjunto habitacional,147
apoio,147
ponte,147
telhado duas águas,146
playground,144
caminho,142
mesa,141
mosaico,139
treliça,139
corredor,139
fábrica,138
sindicato,136
portão,136
jardim botânico,135
espelho d'água,135
campus,132
grade,132
cerca,129
estrutura metálica,128
harri lorenzi,127
plantarum,127
ginásio,126
cidade,126
plano inclinado,123
laboratório,123
pátio,122
janela de correr,121
arquitetura,120
ripa,119
lago,119
gradil,118
piscina,117
balneário,114
hospital,114
porta de correr,113
segnini,113
barretto,113
vão livre,112
catedral,110
são paulo,108
estrutura de concreto,108
blumenau,106
lerolero,105
desenho de piso,103
espelho dágua,103
#meuquarto,102
caixa dágua,102
cúpula,102
lerofauusp,101
escora,101
sacada,100
estrutura em balanço,98
pilarete,98
arco pleno,98
estacionamento,98
frontão,97
sala de estar,95
centro esportivo,94
capela,94
usp,94
biblioteca,94
domus,92
cor,91
teatro,91
fonte,91
viaduto,90
cimbramento,88
plataforma,87
chaminé,86
janela pivotante,86
vermelho,85
monumento,85
estádio,84
pérgola,84
garagem,83
planta,83
piloti,83
brasilia,83
avenida,80
amarelo,79
quadra,79
#seminarios2016,78
mármore,78
marcenaria,77
arcada,77
ar condicionado,77
instituto,77
serralheria,77
andaime,77
bloco intertravado,76
vergalhão,76
#representar2015,76
escada caracol,76
galpão,74
vila operária,74
errancia,72
fibrocimento,72
janela guilhotina,70
pináculo,69
#573plataforma,69
#feira,67
icht 2023 - são paulo,67
niemeyer,67
canteiro de obra,67
piso de madeira,66
hotel,65
alumínio,64
areia,64
ladrilho hidráulico,63
colunata,63
vitral,63
industrial,63
largo,62
voluta,62
institucional,62
estrutura de madeira,62
sao paulo,61
ruína,61
elevado,60
gárgula,60
patrimônio,60
friso,59
fau,59
caibro,59
taipa,59
citinet,58
porta duas folhas,58
rio,57
óculo,57
residencial,57
sobrado,56
alto relevo,56
balaústre,55
janela guilhotinada,55
arquibancada,55
sesc,55
escritório,54
telhado quatro águas,54
painel cerâmico,54
forro,54
cinema,54
altar,53
placa pré moldada,53
alambrado,53
estante,53
uso misto,53
bandeira,53
rede de caminhos,53
pré-moldado,53
interior,53
córrego,53
toldo,52
janela em fita,52
popular,52
fôrma,52
renovação urbana,52
tirante,52
externo,52
forração,52
pré-fabricado,51
tesoura,50
sp,50
cano,50
pastilha cerâmica,50
relógio,49
auditório,49
minas,49
centro,49
financeiro,49
uberaba,49
vinhedo,48
minhocão,48
exposição,48
restaurante,48
concreto estampado,48
balcão,47
metrô,46
pavilhão,46
janela contrapeso,46
esteio,46
paisagismo,46
arco abatido,46
reurbanização,44
deriva,44
esquina,44
pilastra,43
mastro,43
palha,43
ruínas,43
casario,43
rufo,43
corte,43
alojamento,43
fazenda,42
bancada,42
mural,42
palmeira,42
peitoril,42
quiosque,42
armadura metálica,42
janela duas folhas,41
cornija,40
minas gerais,40
plano piloto,40
balaustrada,40
colonial,39
centro histórico,39
croqui,39
caixa d'água,39
573muros,39
ecletismo,39
postal,39
clarabóia,39
ouro,39
loja,38
campus universitário,38
lanagro,38
centro de convenções,38
quadra poliesportiva,38
terraço jardim,37
lixeiras,37
lero_sesc24demaio,37
lero_sescpompeia,36
agência bancária,36
vila maria zélia,36
icht 2023 - recife,36
lina,35
tribunal,35
arco ogival,35
holofote,35
calçadão,35
patio,34
intervenção,34
ponto de ônibus,34
galeria,34
art nouveau,34
porto alegre,33
colonia,33
vale,33
muxarabi,33
apartamento,33
bloco cerâmico,33
industria,33
palafita,32
pergolado,32
engenho,32
capital gaucha,31
salão,31
bloco residencial,31
talha,31
lero_koch,31
pompeia,31
detalhe,30
mercado,30
vazioprojetado,30
terminal,30
maquinário,30
carro,29
shed,29
urbanismo,29
telhado uma água,29
pinacoteca,29
forma,28
chão batido,28
ciclovia,28
lazer em sp,28
frontispício,28
casca,28
atelier,28
portugal,28
térreo livre,28
lareira,28
piso,27
linha férrea,27
acrílico,27
santa catarina,27
totem,27
mares de morros,27
planta baixa,27
palacete,26
persiana,26
domo,26
argamassa,26
mão-francesa,26
praia,26
equipamento,26
contemporaneo,25
bardaria,25
escada de mão,25
cachorro,25
arte,25
cozinha,25
calha,25
dormitório,25
programa,25
vernacular,25
urbanização,24
tubulação,24
cobre,24
elevador,24
#graffiti,24
#avenida23demaio,24
#arcosdojanio,24
claraboia,24
itu,24
aut0512,24
transporte público,24
creche,24
forro de madeira,24
bronze,24
prédio em lâmina,24
modulação,24
sítio,24
largo do paissandú,24
bloco de vidro,23
mar,23
vista,23
casarão,23
#viaexpressa,23
grandes estruturas,23
campo de futebol,23
florianópolis,23
ferrovia,23
comércio,23
timbó,23
sala de aula,23
via,23
reitoria,22
letreiro,22
escravos,22
amapá,22
volumetria,22
pré-fabricado cerâmico,22
oscar niemeyer,22
curitiba,22
edifício em lâmina,22
#casagerassi,21
luz,21
#aut0512,21
estúdio,21
vila,21
parapeito,21
capitel,21
parede inclinada,21
plantas,21
abóbada de berço,21
muro de arrimo,21
palmeira imperial,21
energia,21
expositor,21
entreedificios,20
implantação,20
centro de ciências,20
portinhola,20
baixo relevo,20
pingadeira,20
almofada,20
#carro,20
igrejas,20
armazém,20
congresso,20
tabuado,19
restauro,19
jardineira,19
cascalho,19
fórum,19
murutucu,19
argamassa armada,19
paróquia,18
caixa d´água,18
casagerassi,18
estrada,18
acesso,18
tijolos,18
amazônia,18
cantaria,18
arquitetura barroca,18
rj,18
#icht2023,18
domingueira,18
lina bo bardi,18
artigas,18
casca de concreto,18
#isacmarcelino,18
barracas de ambulantes,18
escada rolante,18
arquitetura colonial,17
nossa senhora do rosario,17
nicho,17
construção esportiva,17
pintura,17
negros,17
arquitetura religiosa,17
rio de janeiro,17
mão francesa,17
câmara,17
prefeitura,17
art deco,17
reparo,17
ambiente,17
eclético,17
portada,17
acesso ao metrô,17
porta de duas folhas,17
uberlândia,17
cassino,17
torre sineira,17
bar,17
ladeira,16
janelas,16
pampulha,16
estrutura em aço,16
religiao,16
fazenda paraizo,16
#katinsky,16
escola paulista,16
seminarios2016,16
cidades,16
#ruyohtake,16
esporte,16
campanário,16
superquadra,16
entrada,16
cobertura vegetal,16
unb,16
coluna adossada,16
memorial,16
banca de jornal,16
arquitetura do renascimento,16
vila penteado,16
liceu de artes e ofícios,16
deck,16
alpendre,16
arbusto,16
desenho técnico,16
vestiário,16
talude,15
fechamentos,15
lajota,15
lâmina,15
encosta,15
treliça metálica,15
armário,15
#573plataformagobatti,15
mesas para jogos,15
epóxi,15
tenda,15
ufscar,15
arquitetura moderna brasileira,15
enxaimel,15
rural,15
#sobrasurbanas,15
meuquarto,15
sala,15
#caminhadasufsm,15
estação ferroviária,15
#arquiteturaquilombola,14
espelho,14
detalhes,14
sobreposição,14
verga,14
janelas duas folhas,14
#quilombo,14
#coletivomalungo,14
vila operaria maria zelia,14
cal,14
nacional,14
cascata,14
base de lançamento,14
base militar,14
sesc pompeia,14
marabá,14
altar-mor,14
bambu,14
lelé,14
#espaçosnegros,14
cotidiano,14
#arquiteturasnegras,14
raiz,14
museu do ipiranga,14
neogótico,14
caminhar/inventariar_01,13
caminhada,13
#casadopovo,13
ouro preto,13
#ponte,13
mosteiro,13
adro,13
estiva,13
animais,13
terminal rodoviário,13
são carlos,13
caminhar/inventariar,13
mackenzie,13
estudiocedaelpaso,13
bh,13
cumeeira,13
metal,13
estátua,13
lixeira,13
cortina,13
telha de madeira,13
comunicação,13
terreno,13
moderna,13
anteprojeto,13
cobertura metálica,13
paço,13
#metrô,13
capelas,13
púlpito,12
arquitetura paulista,12
bloco de pedra,12
independencia,12
espécies,12
semfiltro,12
sala de jantar,12
quarto,12
#573plataformaguilherme,12
ipiranga,12
ibitinga,12
gleba,12
militar,12
teto,12
usina hidrelétrica,12
dom bosco,12
seminarios 2016,12
quadra de futebol,12
historia,12
moisaco português,12
placa,12
telhado de vidro,12
hall,12
silo,12
concha acustica,12
enterrado,12
chafariz,11
catolicismo romano,11
forrações,11
#573plataformagustavo,11
belo horizonte,11
cúpula plissada,11
#bardaria,11
templo,11
portal,11
balanço,11
cecap,11
aclive,11
victorcivita,11
festival contato,11
alvenaria portante,11
bairro,11
#victorcivita,11
janela de púlpito,11
canteiro florido,11
são-paulo,11
pará,11
cidades turísticas,11
azul,10
#ouropreto,10
macapá,10
por do sol,10
telha plana,10
artes,10
tapume,10
#573plataformaana,10
martinelli,10
rede sarah,10
#573plataformaluiz,10
canteiros floridos,10
#573plataformaheloisa,10
arquitetura luso-brasileira,10
túnel,10
aeroporto,10
infraestrutura,10
contraventamento,10
#citinet,10
millan,10
palco,10
sobrado colonial,10
cores,10
ijair cunha,10
paulo mendes da rocha,9
skyline,9
piso cerâmico,9
senzala,9
bom retiro,9
banca,9
iphone,9
maranhão,9
sistema,9
perspectiva,9
martinez corrêa,9
ladrilho,9
triangulo mineiro,9
interiores,9
igreja martin luther,9
cerrado,9
círculo,9
tijolinho,9
pedestal,9
prédios,9
ibirapuera,9
painel pré moldado,9
barco,9
roda dágua,9
mausoléu,9
base,9
retiro,9
cobertura curva,9
empena cega,9
banheiro,9
abandonado,9
guarita,9
distrito,9
planetário,9
claustro,9
detalhamento,9
lazer sp,9
carpete,9
praia grande,9
forte,9
itaipu,9
parede circular,9
painel pré-moldado,9
quartel,9
senado,9
casa de cultura,9
divisória,9
laje plana,9
sagrado,9
edifício misto,8
lanternim,8
vedação,8
elemento circular,8
protesto,8
indigena,8
praça matriz,8
barraca,8
bienal,8
perus,8
parque linear,8
contraforte,8
dutos,8
delboux,8
galhos,8
vista aérea,8
instalação,8
adobe,8
janela vertical,8
pacaembú,8
arquitetura portuguesa,8
#casaabandonada,8
iluminação,8
uruguai,8
coreto,8
ornato,8
itajaí,8
colonia del sacramento,8
tronco,8
embasamento,8
roda,8
açúcar,8
bilbioteca,8
ufu,8
paulo zimbres,8
gêmeas,8
espaço público,8
praça cívica,8
#sé,8
matriz,8
coro,8
porta-sacada,8
iluminação natural,8
sistema construtivo modular,8
pista de skate,8
ramos de azevedo,8
área verde,8
elevação,8
tempo,8
pilar inclinado,8
anfiteatro,8
#casademolida,8
árvores,8
edificação rural,7
histórico,7
lanchonete,7
portas,7
bandeirista,7
pilares,7
pau a pique,7
fea,7
tijolo aparente,7
prédio institucional,7
difusão,7
arcos,7
arquitetura espanhola,7
carandiru,7
cruzeiro,7
altar lateral,7
iab/sp,7
deck de madeira,7
cerca viva,7
viga gerber,7
condomínios fechados,7
posto de gasolina,7
aleijadinho,7
gultzgoff,7
hotel majestic,7
mario quintana,7
assoreamento,7
jesuitas,7
#errancia,7
cidade universitária,7
barcos,7
conservação,7
cunha,7
jaú,7
manoel garcia,7
fórmica,7
conduíte,7
arranha-céu,7
loteamento,7
verde,7
obelisco,7
moldura,7
piso de tijolos,7
orquidario,7
jk,7
1988,7
abandono,7
#janela,7
#viradacientifica2015,7
taipa de pilão,7
ladrilho antiderrapante,7
muro de contenção,7
república,7
litoral paulista,7
higienópolis,6
confinamento,6
villa lobos,6
arquitetura contemporânea,6
piso epóxi,6
piso cimentício,6
alvenaria estrutural,6
geometria,6
perdizes,6
aut573,6
arqueologia,6
pina,6
pinaluz,6
feira de rua,6
basílica,6
escola das meninas,6
brises,6
#aut573,6
tijolo cerâmico,6
trampolim,6
#sao paulo,6
alphaville,6
praça da liberdade,6
estantes,6
alcântara,6
palacio,6
#vivisp,6
barro,6
copan,6
universidade federal de são carlos,6
panteao,6
coroamento bulboso,6
ruas,6
século xx,6
elevado costa e silva,6
cidadela,6
detalhes artísticos,6
castelo,6
#prainhabranca,6
casas,6
convento,6
fauusp,6
museus,6
telefone público,6
arquitetura teuto-brasileira,6
piso de borracha,6
encaixe,6
neorromânico,6
imigração,6
praçadasartes,6
telha de vidro,6
maspetcbr,6
equipamentos de ginástica,6
arte latino americana,6
anhangabaú,6
escultura em bronze,6
placa pré-moldada,6
triângulo mineiro,6
pedra portuguesa,6
inhotim,6
espécimes vegetais significativos,6
pós-modernismo,6
brasília,6
sesc casa amarela,6
museu de arte,6
turismo,6
planície,6
alto jose do pinho,6
rosácea,6
coletor,6
frank gehry,6
zanettini,6
entablamento,6
estrutura pré-moldada,6
imprensa,6
preto e branco,6
vila buarque,6
casa amarela,6
arte mural,6
compaz governador eduardo campos,6
imigrantes,6
casa gerassi,6
pátio interno,5
ufsc,5
camuflagem,5
vidro espelhado,5
guarnição,5
reforma,5
dossel,5
rotação,5
curva,5
centro empresarial,5
igreja de nossa senhora do rosário dos homens pretos,5
arquitetura brutalista,5
secretaria,5
passeio2016,5
genérica,5
koolhaas,5
instagram,5
severiano,5
retábulo,5
soares,5
rem,5
sdr,5
filtro,5
pixo,5
quebra-sol,5
fau unb,5
icc,5
textura,5
caminhadasufsm,5
mirante,5
arco de ângulo reto,5
vitrine,5
parquinho,5
casa térrea,5
ombreira,5
saibro,5
residências,5
luterana,5
água furtada,5
estrutural,5
porto maravilha,5
lúdico,5
azulejo português,5
estância hidromineral,5
pessoas,5
duas águas,5
marianne peretti,5
mulheres brasileiras,5
circuito das águas,5
pedro moreira ribeiro,5
vale do anhangabaú,5
móvel,5
palácio,5
pedestre,5
desenhos técnicos,5
tubulão,5
vilanova artigas,5
volume,5
pvc,5
edificios,5
mansarda,5
sopé,5
cobertura de vidro,5
reflexo,5
cruz,5
agência,5
avenida paulista,5
embu,5
barillari,5
hospedaria,5
#consolação,5
italianos,5
hélio oiticica,5
triângulo,5
olinda,5
terminal de ônibus,5
entalhe,5
verticalidade,5
nan,5
08/2015,5
cultura japonesa,5
concurso,5
limite,5
jordão,5
restauraçao,5
taller citinet,5
japao,5
nave,5
#mataatlântica,5
#arquitetura,5
estrada de ferro,5
morro,5
cidade genérica,5
arquitetura hospitalar,5
porto,5
concreto desempenado,5
taller,5
rotatória,4
butantã,4
abandonada,4
vela,4
tesoura de madeira,4
pirâmide,4
ametista,4
pista de cooper,4
cafe,4
entreedificio,4
eixo,4
camuflado,4
brasil,4
pista de corrida,4
praça da república,4
arquitetura popular,4
domiziano rossi,4
2015,4
gesso,4
casa caetano de campos,4
moenda,4
casa da moenda,4
tapeçaria,4
escola normal,4
teuto-brasileira,4
topiaria,4
buenos aires,4
living,4
lero_fauusp,4
itoupava seca,4
paulista,4
jahu,4
1978,4
artdecó,4
patrimônio histórico,4
telha capa e canal,4
aço corten,4
congreso de la nación argentina,4
arquitetura bancária,4
congreso de la nación,4
amazonas,4
congresso da nação argentina,4
argentina,4
cimalha,4
painel pré-fabricado,4
porta de madeira,4
bebedouros,4
assoareamento,4
miolo de quadra,4
simetria,4
raw,4
mobilidade,4
bucci,4
pedras,4
declive,4
instalações,4
lucio costa,4
sombra,4
universidade de brasília,4
rino levi,4
lustre,4
frontão ondulado,4
diamantina,4
cuiabá,4
regionalismo,4
mosaico  português,4
praça das artes,4
laje protendida,4
anel de concreto,4
arco de descarga,4
gótico,4
sanatório,4
romanico,4
branco,4
fenestrações,4
canaleta,4
placa informativa,4
telhado invertido,4
lima,4
crianças,4
faria,4
feira livre,4
perfumaria,4
serra,4
taipa de mão,4
warchavchik,4
arquitetura ecletica,4
exaustor,4
#dentro,4
praças,4
barroco,4
uniube,4
estrutura em concreto,4
edifícios,4
árvore,4
carros,4
jornal,4
fibra de vidro,4
represa,4
pico do jaraguá,4
lúcio costa,4
altares,4
casa de vidro,4
ardósia,4
cidade histórica,4
noturna,4
adriana varejão,4
representar2015,4
marginal pinheiros,4
#bw,4
ponto de táxi,4
levantamento,4
zona portuária,4
mtst,4
cachoeira,4
condomínio solar de amigos,4
porta pivotante,4
conjunto residencial,4
tietê,4
oficina,4
antigo,4
detalhe construtivo,4
lateral,4
arenito,4
#fora,4
folhas,4
pastilhas,4
frente,4
parque urbano,4
piso intertravado,4
arquitetura sacra,4
janela de eixo vertical,4
bahia,4
icht,4
trilho,4
lagoa,4
quadra de basquete,4
centro de são paulo,4
portão duas folhas,4
grafite,4
interior de sao paulo,3
ferrovia paulista,3
influencia portuguesa,3
espaço expositivo,3
colagem,3
soutello,3
holanda,3
casas históricas,3
demolição,3
holambra,3
neoconcreto,3
curvas,3
grelha,3
cachaça,3
pedreira,3
#ocupação,3
pelourinho,3
urbano,3
#saopaulo,3
paisagem urbana,3
caramanchão,3
pedra sabão,3
roma,3
estudo,3
sobrados,3
acrotério,3
centro de sp,3
asa sul,3
gatil,3
foto noturna,3
mogi das cruzes,3
#skyline,3
viga vazada,3
arte sacra do século xviii,3
lazer de sp,3
horizontalidade,3
praça montevideo,3
domingo em sp,3
século xviii,3
ocupa,3
deputados,3
#espaco537,3
porcelana,3
prataria,3
#pessoas,3
acervo,3
rodoviárias brasileiras,3
athos bulcão,3
eternit,3
orlando barbosa de freitas,3
catedral metropolitana,3
manaus,3
vigas,3
condomínio,3
usp-leste,3
contraste,3
lona,3
vila mariana,3
rancho,3
brasão,3
vazio central,3
traçado,3
papelão,3
escola dos meninos,3
alvenaria aparente,3
1977,3
paraty,3
siegbert zanettini,3
centro de saúde,3
bicicleta,3
térreo,3
vela vista,3
#inhotim,3
parafusos,3
passagem,3
folhagem,3
galho,3
janela de duas folhas,3
colunas,3
landscape,3
ufmt,3
portada com almofadas,3
porta com almofadas,3
capela-mor,3
escondido,3
pilar adossado,3
mesas,3
estilo bandeirista,3
livros,3
colégio,3
armadura,3
foyer,3
taco,3
fundação,3
galerias pacifico,3
mão,3
zenital,3
astronomia,3
térrea,3
plataforma de embarque,3
mg,3
modernista,3
fogão,3
1986,3
seguradora,3
bicicletário,3
igreja matriz,3
antonio berni,3
ciculação,3
cimento pintado,3
movimento,3
santa cecília,3
unidades,3
parafuso,3
building,3
aslan y ezcurra,3
pedrisco,3
sino,3
rosa,3
david libeskind,3
frontispíco,3
porta-janela,3
plástico,3
esquadrias,3
pasto,3
cidade maravilhosa,3
corcovado,3
tanque de areia,3
desenho de chão,3
cercado,3
santa rita,3
trilha,3
esculta,3
lojas,3
repetição,3
edifício residencial,3
ciência,3
natal,3
pista de skate (halfpipe),3
profetas,3
metálica,3
edifícios residenciais,3
claudia fernanda,3
capela nossa senhora aparecida,3
relevo,3
faureforma,3
masp,3
beijódromo,3
arrimo,3
mmbb arquitetos,3
sesc 24 de maio,3
terreiro,3
favela vertical,3
oficina2015,3
estação,3
litoral,3
livraria,3
são josé do rio preto,3
gonçalves,3
salvador,3
lino enea spilimbergo,3
macedo,3
nártex,3
orla,3
manuel colmeiro.,3
demétrio urrúcha,3
quintal,3
caminho de pedras,3
bon marche,3
desnível talude,3
cascaldi,3
paisagem,3
tombado,3
rococó,3
favela,3
pedalinho,3
tacoa arquitetos,3
concreto armado aparente,3
juan carlos castagnino,3
pira de fogo,3
panela,3
#uniube,3
tecnologia,3
refeitório,3
fortaleza,3
natureza,3
lenha,3
preservação,3
tombamento,3
meio piso,2
mapa,2
banespa,2
guarda- corpo,2
panorama,2
oscar,2
fofocódromo,2
edificação em altura,2
hammermeinster,2
politica,2
grafismo,2
granilite,2
transito,2
cimento queimado,2
arte urbana,2
gruta,2
quina,2
arco tudor,2
escultura tumular,2
sescpompeia,2
faixa,2
linabobardi,2
novoevelho,2
praça interna,2
ihct,2
piscinas,2
conominio solar de amigos,2
espaço livre,2
tijolo de pedra,2
porão,2
arco angrelado,2
#paisagismo,2
telesp,2
terraço jardim patamar,2
interior sp,2
pedra mineira,2
sobrepoicao,2
affonso reidy,2
lemos cerqueira,2
#mg,2
#vertical,2
nova entrada da biblioteca,2
#curitiba,2
eixo monumental,2
arquitetura e céu,2
#uberaba,2
edifício prudência,2
#preexistencia,2
#cine,2
tiradentes,2
panoramica,2
forro artesoado,2
vr panorama,2
subsolo,2
saguão eca,2
arthur nogueira,2
interiorer sao paulo,2
veneziana basculante,2
rua de lazer,2
biblioteca da eca,2
eletricidade,2
itumbiara,2
bosque,2
faumack,2
1919,2
igrejinha,2
eventos,2
patrimônio arquitetônico,2
baluarte,2
lina bobardi,2
sinagoga,2
obra,2
batistério,2
galeria do rock,2
orelhão,2
janela uma folha,2
camarinha,2
forro nervurado,2
mármore ojô,2
eca,2
túmulo,2
barra de contenção,2
afresco,2
prédio histórico,2
iluminação indireta,2
figo,2
valinhos,2
pia,2
tablado,2
cúpula geodésica,2
painel vazado,2
#chile,2
galerias,2
entablamento interrompido,2
pedra-sabão,2
centro comercial,2
mam,2
estrutura aparente,2
canal,2
fronteira,2
sede,2
muralha,2
viga de madeira,2
vigamento,2
cemitério,2
congonhas,2
principal,2
isaías,2
ccsp,2
jeremias,2
trapiche,2
pátio de manobra,2
canteiro central,2
calçado,2
palácio das indústrias,2
madrid,2
arquiteto augusto sommacal,2
penha,2
#agricultura,2
baia,2
laranja,2
lo-fi,2
#usp,2
#eca,2
pré fabricado,2
fixação,2
mata,2
cine,2
ferro vegetação,2
trem,2
rua direita,2
desnível parque,2
oca,2
brasil arquitetura,2
joão pessoa,2
glacy,2
bueno,2
misericórdia,2
recife,2
neoclássico,2
bratke,2
centro-oeste,2
faet,2
fotografia,2
mato grosso,2
edifício comercial,2
portão de correr,2
faudepois,2
cotia,2
arquitetura brasileira,2
bancos,2
temporário,2
sistema construtivo,2
abóbada catalã,2
pontes pênseis,2
arranha-ceú,2
cobertura plana,2
paralelepípedos,2
ataíde,2
arena,2
rua josé bonifácio,2
hotel brasil,2
concreto pitando,2
fechamento,2
criança,2
circular,2
#centro,2
densidade,2
barril,2
cabos,2
localização,2
noite,2
iporanga,2
teto inclinado,2
entulho,2
ocupação,2
asfalto,2
ejercicio plastico,2
história,2
david alfaros siqueiros,2
palmeira imperiai,2
utensílios,2
via expressa,2
chapéu,2
transporte urbano,2
rodoviarismo,2
tábua,2
duto de ar,2
consolação,2
passeio,2
piso processado,2
barracas de praia,2
edifício triângulo,2
gabarito,2
rua quintino bocaiuva,2
cunhais,2
catenária,2
gregori warchavchik,2
posição,2
orbe,2
templos religiosos,2
trussardi,2
av. são joão,2
fenestração,2
neo-gótico,2
bebedouro,2
cristo,2
planeta,2
laje aparente,2
blocos,2
madeiramento,2
alto-relevo,2
baixo-relevo,2
estrutura arqueada,2
#miami,2
barracas de ambulante,2
conjunto,2
valeta,2
descaso,2
tanque,2
cássio pinheiro gonçalves,2
museu paulista,2
pontes,2
batente,2
#ruína,2
palmeiras,2
#caminhos,2
#entrada,2
santos,2
canal de drenagem,2
museu da música,2
desenhoarquitetonico,2
#santosimigrantes,2
telhas,2
teatro municipal,2
feira,2
poltrona,2
igreja barroca,2
sé,2
mirantes,2
novamérica,2
#abandono,2
vista do alto,2
abóbada abatida,2
canil,2
centro de zoonoses,2
sãopaulo,2
painéis fotovoltaicos,2
crqoui,2
patriarca,2
#praça,2
#rotatória,2
bw,2
#túnel,2
estrutura metálica pré-fabricada,2
vaso pendente,2
guindaste,2
#madeira,2
#escada,2
terça,2
instituto inhotim,2
domos,2
portinari,2
#macsp,2
grama,2
#passagemliterária,2
#ecologic,2
azulejos,2
igreja católica,2
fau usp,2
esférico,2
#revitalizar,2
gerassi,2
museu do imigrante,2
abóboda,2
incendio mam rio 1978,2
placa solar,2
sêrro,2
#paraíso,2
torre de telecomunicaciones antel montevideu,2
pabellón martirené,2
#fauusp,2
três poderes,2
supremo,2
stf,2
alfredo ceschiatti,2
schroden,2
rua do giz,2
ceará,2
hospital st bois,2
ccbb,2
iii,2
mondrian,2
heliponto,2
taller torres garcia,2
*arquiteturabrasileira,2
condomínio residencial,2
chaminé. guarda corpo,2
carlos paéz vilaró,2
observatório,2
catetinho,2
rua da praia,2
treliça espacial,2
monumentos,2
sao paulo.,2
cadeira,2
hostel,2
armários,2
workshop,2
rio benedito,2
parati,2
escoladosmeninos,2
grupoxixdeteatro,2
muralismo,1
edifícios públicos,1
#destruicao,1
#pixo,1
#demolida,1
muralismo latino americano,1
itamaraty,1
planta cruciforme,1
água funda,1
#serra negra,1
patrimônio popular,1
seixas,1
blocos conjugados,1
escolas,1
tempestade,1
luminotécnica,1
equipamento público,1
coretos,1
guichê,1
prédios residenciais,1
zona sudeste,1
chuva,1
teste,1
sobrasurbanas,1
neocolonial,1
planta em cruz,1
escada de emergência,1
#olho de lagartixa,1
esculturas,1
#luz,1
#573platafomagustavo,1
americana,1
americana-sp,1
casa de campo,1
prédio central da eca,1
#cbd,1
faculdade de direito,1
hotel delphin guarujá,1
janela de canto,1
peruada,1
parque dom pedro ii,1
terminal parque dom pedro,1
festa,1
hilton hotel,1
festa estudantil,1
estudantes,1
fotógrafo,1
bares,1
nosa senhora dos homens pretos,1
erranica,1
bunker,1
bananeira,1
casa penteado,1
#moradia,1
#vila indiana,1
#monumento #usp #história #culturamaterial,1
trovão,1
alameda,1
#estacaotrem,1
raio,1
jóquei,1
papel,1
#jundiai,1
laboratorio cbd,1
meio ambiente,1
modelo,1
caixa de vidro,1
universidade de são paulo,1
vista interna,1
sombras,1
sinuoso,1
ladeiras,1
#trianonmasp,1
\tcasa,1
#altodoipiranga,1
#cemitério,1
quadro,1
recuo,1
porta janela,1
contra verga,1
#fau,1
norte,1
brasiliana,1
estátuas,1
escola de comunicação e artes,1
iphan,1
adm,1
praça do relógio,1
revestimentos cerâmicos,1
casa bandeirista,1
casa popular,1
anos 70,1
pernambuco,1
vista externa,1
observador,1
vestimenta,1
#arqeurb,1
#cdi,1
#centrodedifusaointernacional,1
cdi,1
interiror,1
colégios salesianos,1
pátio de entrada,1
matosinhos,1
entorno,1
cocheira,1
cruz de lorena,1
cruz patriarcal,1
anjos,1
teto móvel,1
concerto,1
música,1
cavalos,1
suspenso,1
#usp #arquiteturausp #cidadeuniversitaria,1
lemos,1
centro histórico de joão pessoa,1
fradique coutinho,1
acesso interno,1
bebém,1
canto,1
propagando,1
fuscas,1
modernidade paulistana,1
fusca,1
ciclofaixa,1
casa geminada,1
parahyba palace hotel,1
tibau,1
escola estadual leonor rendesi,1
escola estadual vila boturussu,1
prateleira,1
primeiro pavimento,1
ifigênia,1
escala,1
ancoradouro,1
esculpido,1
arros,1
1989,1
vidal de negreiros,1
rua grande,1
jacaré,1
casa rural,1
fachadas,1
homem,1
juazeiro,1
josé de alencar,1
1984,1
coqueiro,1
meirelles,1
rua do sol,1
varandas,1
telhados,1
coberturas,1
arquitetura escolar,1
salão caramelo,1
engrangem,1
jaridm,1
palnta,1
maraá,1
roupa,1
varal,1
rua de terra,1
trançado,1
flores,1
fundo,1
detalhes construtivo,1
jenela,1
águas,1
unidade,1
frontal,1
margem,1
trançada,1
cortume,1
folha,1
uso,1
lavanderia,1
balde,1
bananeiras,1
vista frontal,1
acabamento,1
tratamento,1
padre inácio,1
bola,1
toalha de mesa,1
equipamentos,1
forno,1
pendurar,1
panelas,1
latão,1
fogão a lenha,1
gás,1
área molhada,1
couro,1
abastecimento,1
tronto,1
resquícios,1
vagetação,1
passage,1
luz e sombra,1
planos,1
rachadura,1
trinca,1
rodar,1
rada dágua,1
união,1
pasagm,1
pasagem,1
buraco,1
trepadeira,1
roda d água,1
muros,1
vegatação,1
conflito,1
mulher,1
espaço,1
eixos,1
vilarejo,1
escoamento,1
interno,1
alinhamento,1
central,1
freguesia,1
fixar,1
construtivo,1
deetalhamento,1
estruturas,1
paredes,1
plante,1
degradado,1
murucutu,1
zoonoses,1
placa urbana,1
ópera de paris,1
rebolo francisco,1
av 23 de maio,1
rua marselhesa,1
rua pedro de toledo,1
vila clementino,1
farol da barra,1
atração turística,1
gruber mário,1
cenabeijo,1
maquetaria,1
aviões,1
ita,1
kengo kuma,1
cultura nipônica,1
engenharia,1
aeronáutica,1
#escultura,1
wharehouses,1
depósitos,1
mercadocantareira,1
mercadão,1
#contraste #centro #sp #antigo #novo,1
brise soleil,1
complexo cultural,1
áreas de lazer,1
cachorródromo,1
energia nuclear,1
rampas,1
galpões,1
revitalização,1
arquitetura clássica,1
circulação de pedestres,1
contraste urbano,1
quadros,1
centro de cultura,1
ecléticos,1
dcta,1
porta dias folhas,1
arquitetura e natureza,1
casa de dona yayá,1
quarto de casal,1
banco de concreto,1
parede de tijolinhos,1
jardim suspenso,1
verona,1
guarujá,1
caixilhos,1
espaço urbano,1
casa dos triângulos,1
museu ao ar livre,1
costão do santinho,1
facahda,1
contato,1
chão,1
theatro,1
centro recrearivo,1
janela alta,1
estêncil,1
caxias do sul-rs,1
arquitetura moderna - recife,1
art  nouveau,1
metrópoles,1
áreas verdes,1
cadeira paulistana,1
casa de pedra,1
#pesqueira,1
#pernambuco,1
cadeira katinsky,1
#agrestepernambucano,1
#castelodostorres,1
tinta acrílica,1
saguão,1
greve,1
spray,1
logotipo,1
jaraguá,1
arborização urbana,1
edifício moderno,1
picacoteca,1
edifícios executivos,1
esgrafito,1
#empirestate,1
#hoboken,1
#newyork,1
24 de maio,1
belém,1
brazil,1
templo zu lai,1
mon,1
#arquitectura #hormigón #hormigónvisto,1
templo de salomão,1
brás,1
#brasil #sp #iguape #colonial #historia #azul #arquitetura #urbanismo #arqeurb #arquilove,1
cidade natureza,1
banco sumitomo,1
banespão,1
edifício altino arantes,1
marcelo ferraz,1
fiação,1
cidades brasileiras,1
edifício para educação e pesquisa,1
estação de metrô,1
chácara,1
ims,1
fic,1
louveira,1
ufg,1
ceu,1
fiesp,1
#pordosol,1
#praia,1
#francodarocha #sp #trem #cptm,1
#fortaleza,1
#highway,1
edifício curvilíneo,1
#cesarsartorelli,1
avendia,1
tocantis,1
eero saarinen,1
kresge auditorium,1
noturnas,1
#lithopuntura,1
laboratórios,1
urb,1
arq,1
arquitetura e urbanismo,1
cor e tom,1
fotografias,1
kitsilano,1
vancouver,1
rua santa cruz,1
casa modernista,1
budismo,1
auditórios,1
cidade jardim,1
palacete d joão vi,1
cef,1
sacra,1
ruderais,1
praça mauá,1
museu de arte do rio,1
edifício em bauru,1
fernando ferreira de pinho,1
arquitetura moderna em bauru,1
graffiti,1
luminoso,1
valparaíso,1
chile,1
exterior,1
colômbia,1
guatapé,1
zócalos,1
#warchavchik #santa #cruz #modernismo #casa,1
*educação,1
edifício em lãmina~,1
marginal,1
paradoxal,1
novo,1
estático,1
dinâmico,1
velho,1
originalidade,1
realismo,1
idealismo,1
autofagia,1
autodestruição,1
autodigestão,1
violada,1
devassada,1
gabarra,1
carlos zambroni,1
cine paissandú,1
zarzur,1
1961,1
roger zmkhol,1
raia,1
moradia,1
precariedade,1
degradação,1
trânsito,1
caos,1
pedestres,1
copa do mundo,1
megaconstrução,1
futebol,1
monotrilho,1
centro econômico,1
eixo econômico,1
centro financeiro,1
caos urbano,1
fios de telefonia,1
porumasampasemfio,1
fiação aérea,1
questões urbanas,1
poluição visual,1
fios de eletricidade,1
prejuízo ambiental,1
exclusão,1
wilton paes de almeida,1
laje inundada,1
cptm,1
osesp,1
transparência,1
níveis,1
municipal,1
morada,1
tapiocanga,1
mineiro,1
pérgolas,1
pinheiro gonçalves,1
copan edifício abstração concreto modernista,1
paulo,1
são,1
girafa,1
zoológico,1
janeiro,1
concreto com ferro,1
arquitetura histórica,1
fotografia noturna,1
igreja matriz de santo antônio,1
ciclo do ouro.,1
garrefa,1
mattos,1
sapê,1
arquitetura espontânea,1
julio prestes,1
ferraiollo,1
plano,1
revestimento,1
contagem,1
arquitetura fantástica,1
casa de cacos,1
arquitetura vernacular,1
confeitaria,1
pós-moderno,1
térreo comercial,1
jardim chinês templo zu lai vegetação paisagismo cotia,1
templo zu lai budista budismo,1
corbusier,1
modulor,1
casa do lago,1
isabella dalfovo,1
scatena,1
desigualdade,1
nostálgica,1
janela em fita~,1
inkwell,1
telha calhetão,1
tijolo a vista,1
miniatura,1
edifício novo,1
tilt shift,1
telha translúcida,1
reciclagem,1
oposição,1
obras,1
rua cásper libero,1
avenida ipiranga,1
edifício montreal,1
rua martins fontes,1
edifício margarida,1
alameda barão de limeira,1
hotel excelsior,1
av. ipiranga,1
cine ipiranga,1
estrutura.,1
nashville,1
mayfair,1
amnesia,1
mosaico cerâmico,1
paralalapípedo,1
vegetação. madeira,1
quadra de vôlei,1
orquidário,1
córrego parque,1
gramado telefone público,1
estrutura metélica,1
churrasqueiras,1
cobertura de palha,1
paraíso,1
centro cultural de são paulo,1
vergueiro,1
depósito,1
torre de controle,1
sapata,1
parde curva,1
palácio da agricultura,1
mac,1
brise metálico,1
churrasqueira,1
lombada,1
caldeira,1
horta,1
topografia,1
inexpressividade,1
poste de luz,1
galeria comercial,1
centro. locomoção,1
luzes,1
crescimento,1
serra da cantareira,1
geografia,1
indeterminação,1
citinet noturna,1
citnet,1
avião,1
square,1
(des)centralização,1
periferia,1
desornamento,1
hipercidade,1
ilusão,1
abrigo,1
grelha metálica,1
concreto pintato,1
paralelepídedo,1
estufa,1
logo,1
caixão perdido,1
guarda volumes,1
mesa para jogos,1
playgroud,1
banco ladrilho hidráulico,1
escultura em granito,1
facha,1
graado,1
rede,1
banco. pérgola,1
banco. mesa,1
chão pisado,1
vegetação. água,1
mureta árvore de porte,1
elemento,1
terro,1
casa de câmara e cadeia,1
museu da inconfidência,1
inconfidência mineira,1
iguape,1
céu,1
unibanco,1
owings,1
gian,1
direita,1
merrill,1
carlo,1
barão,1
1959,1
caixa d'´gua,1
reboco,1
docas,1
canhão,1
cunhal,1
sineiro,1
átrio,1
contemporânea,1
alex,1
germano,1
jacques,1
gasperini,1
barroco tardio,1
pilon,1
escultura em aço,1
grantio,1
estrutura metálica espelho d'água,1
catedral prédio,1
entablamento janela,1
fonte caixilho,1
alvenria,1
caxilho,1
ecadaria,1
platibanda sacada,1
castor delgado perez,1
"fau rampas artigas modernismo brutalismo vilanova artigas""""",1
"fau caramelo vilanova artigas""artigas greve assembleia""",1
"fau artigas museu vilanova artigas"" ""piso do museu""""",1
"fau artigas vilanova artigas"" biblioteca modernismo""",1
"fau artigas vilanova artigas"" brutalismo modernismo""",1
"fau artigas vilanova artigas""""",1
arranha,1
skidmore,1
tirantes,1
sistema viário,1
arquitetura brutalista. arquitetura moderna,1
dirty,1
ponte estaiadada,1
engrenagem,1
roda d'água,1
araucária,1
tora,1
assoalho,1
numeração,1
losango,1
arquitetura moderna são paulo,1
brise-soleil,1
mineiros do tietê,1
três pavimentos,1
portaria,1
lambris,1
fundações,1
banco melhoramentos,1
jahu jaú ecletismo,1
ramos de azevedo jahu jaú ecletismo,1
franciscano,1
barragem,1
sótão,1
chalé,1
vista para o teatro,1
dark,1
caixilho concreto vidro piso,1
concreto aparente pilar,1
coronel xavier chaves,1
alambique de cachaça,1
mapa da cachaça,1
alambique,1
engenho de cana-de-açúcar,1
edifício histórico,1
vidros,1
estrangeiros,1
igreja moderna,1
república velha,1
aparecida,1
pranchado,1
anos 30,1
década de 1930,1
art déco,1
relógio telha cerâmica,1
frontão redondo,1
caçada,1
haste,1
cafeeiro,1
café,1
ciclo do café,1
imigrante,1
cafeeira,1
1922,1
exportação,1
bolsa do café,1
palmeira imperia,1
empena vertical,1
empena horizontal,1
barraca de ambulante,1
terreno baldio,1
mosaico português. rua,1
arbuto,1
jardineiras,1
vegetação terra,1
bosque de eucaliptos,1
espécimes significativos,1
josé bonifácio,1
josé bonifácio de andrada e silva,1
andradas,1
simon lane,1
ciclo do ouro,1
monumento às bandeiras,1
parque ibirapuera,1
iv centenário de são paulo,1
victor brecheret,1
tunga,1
true rouge,1
artista plástico,1
poema,1
panteão dos andradas,1
galeria de arte,1
galeria adriana varejão,1
art,1
arte contemporânea,1
brasileira,1
panteão,1
independência,1
pantheon,1
rótula,1
sinalização,1
cancela,1
´,1
piso antiderrapante,1
borracha,1
sala de reunião,1
extintor,1
chaminé. guarda-corpo,1
reservatório,1
óculo portão,1
telefonia,1
janela  basculante,1
reis magos,1
rn,1
newton navarro,1
ponte elevada,1
janela veneziana,1
espelo d'água,1
tijolo de barro. árvore de porte,1
alvenaria vegetação,1
frontão aberto,1
difícil,1
guardo corpo,1
rua jardim,1
esquadro,1
praça. público,1
esquipamento,1
rede de caminhos gramado,1
edifício circulação,1
edifício cidade,1
campo,1
cateiro,1
cimento estampado,1
estrutura móvel,1
cobertura tensionada,1
telha cerâmico,1
corrente,1
peitoral,1
arco de ferradura,1
rio pinheiros,1
térreo livremosaic,1
ferr,1
grade sanfonada,1
anela basculante,1
casas comerciais,1
beirais,1
tore sineira,1
ato religioso,1
catraca,1
condomínio nossa senhora aparecida,1
torre de circulação,1
recôncavo baiano,1
cachoeira ba,1
e1,1
fronstipício,1
lambrequim,1
ratábulo,1
portada de almofadas,1
misto,1
abóboda de berço,1
azulejo poruguês,1
verga ornada,1
ponte octávio frias de oliveira,1
estaiada,1
pordosol,1
#euquetirei,1
#passeio2016,1
sacristia,1
costume,1
frontão fracionado,1
cadeia,1
#brumadinho,1
#seminarios216,1
grandcine,1
#seminarios2016 #estaçao #zelandia,1
#seminarios2016 #ura #catedral,1
vidral,1
#brasíliainfoco,1
parqueibirapuera,1
#tijolo,1
margem dágua,1
telhado em duas águas,1
porta giratória,1
estação metroviária,1
depredação,1
cafeteria,1
jardins,1
arquitetura prisional,1
detenção,1
prisão,1
belohorizonte,1
igreja~,1
balcão corrido,1
beira mar,1
#cinemetropole,1
#grandcine,1
#paulomendesdarocha,1
#mube,1
massa corrida,1
gato,1
praça lorea,1
rodin,1
o pensador,1
conjunto nacional,1
operação urbana,1
lapa,1
niemyer,1
modernismo brasileiro,1
quadra modelo,1
super quadra,1
medalhão,1
óculo cegado,1
esfera flamejante,1
#minasgerais,1
#parque,1
#capela,1
pódio,1
bizantino,1
hebreu,1
islãmico,1
guranição,1
janela de rótula,1
bacia,1
pedra lavrada,1
coluna jônica,1
abóbada de nervura,1
flecha,1
madeira-mármore,1
marfim,1
pinásio,1
janela de guilhotina,1
abóbada de canhão,1
capela lateral,1
barro cozido,1
arco em asa de cesto,1
edifício niemeyer,1
arquitetura gótica,1
ornamentação,1
belvedere,1
circulo de belas artes,1
gran via,1
calle gran via,1
igreja são francisco de assis,1
mariana,1
ufsm,1
pão  de açúcar,1
empresa,1
padrão corporativo,1
faria lima,1
persianas,1
área de serviço,1
sala de almoço,1
casa~,1
guaiba,1
rio grande do sul,1
santander,1
representação,1
viveiro,1
salão de baile,1
antonio palacios,1
letras,1
estábulo,1
módulos,1
pupo,1
proscênio,1
lampadas,1
encanamento,1
escoragem,1
rua interna,1
arquitetura militar,1
italia,1
fflch,1
coliseo,1
paineiras,1
articulação,1
jardim interno,1
berçário,1
recorte,1
calle alcalá,1
circulo bellas artes,1
torneira,1
estrutura de aço,1
#arquiteturaeurbanismo,1
travamento,1
#seminario2016,1
morros,1
engenharia de transito,1
automoveis,1
vista geral,1
festividade,1
granito rosa,1
#simple,1
#contemporaneo,1
#recuo,1
#ventilacao,1
#panosdevidro,1
#montanha,1
#branco,1
#azul,1
#neve,1
customização,1
#semfiltro,1
#bh,1
#pampulhachurch,1
#barrocomineiro,1
drenagem,1
estrutura esférica,1
desenho industrial,1
viga transversal,1
associação,1
aço patinável,1
cabo de aço,1
estádios,1
paço municipal,1
translúcido,1
construção colaborativa,1
escultura em baixo relevo,1
cais,1
cidade universiária,1
centro turístico,1
chapa de aço,1
brinquedo,1
espaços públicos,1
mutirão,1
campus aeroporto,1
porta de almofadas,1
postigo,1
almofadas,1
shopping,1
caquinhos,1
mitologia romana,1
deusa grega,1
mitologia,1
temperança,1
fortitude,1
prudência,1
iustitia,1
themis,1
dante croce,1
alvaro siza,1
domingos bongestabs,1
jaime lerner,1
unilivre,1
parque guinle,1
geral,1
procuradoria,1
pgr,1
trabalhadores,1
escada helicoidal,1
hysteria,1
palestra italia,1
escoladasmeninas,1
feirantes,1
regador,1
barraca de alfaces,1
feirante,1
alface,1
pêssego,1
barraca de folhas,1
tomate,1
lixo,1
caixa,1
banana,1
carrinho de compras,1
metrô praça da árvore,1
entrada metrô,1
sacola de compras,1
caminhão,1
rua transversal,1
vilamariazélia,1
arvores,1
anexo ii,1
pomba,1
ninho,1
ovo,1
matogrosso,1
mt,1
sessão áurea,1
faculdade de arquitetura engenharia e tecnologia,1
canon eos rebel t5i,1
universidade federal do mato grosso,1
1970,1
arcos ogivais,1
enxamel,1
faudurante,1
dom pedro,1
avenida do estado,1
tamanduateí,1
toscano,1
pátio coberto,1
rusticado,1
cobertura de metal e vidro,1
calçamento pé de moleque,1
pé de moleque,1
do,1
garanhuns,1
ferroviária,1
#taipa,1
anexo,1
anexxo,1
ns da esperança,1
pnse,1
bote-fé,1
*arquitetura,1
*taipa,1
#arquiteturabrasileira,1
#casaantiga,1
inglesa,1
sesc pompéia,1
lua,1
beira-mar,1
berlim,1
américa latina,1
venezianas,1
decoração,1
laje jardim,1
feira da fruta,1
só não tinha jaca,1
santo amaro,1
zaha hadid,1
altino arantes,1
são joão,1
architecture,1
conexão,1
#ambiente,1
#conforto,1
#contraste,1
#planos,1
#fechamentos,1
#espelhodagua,1
polícia,1
ônibus,1
interface,1
prainha branca,1
#camping,1
olho,1
#ocupações,1
#patrimônio,1
#ruínas,1
torre do banespa,1
viaduto santa ifigênia,1
santa ifigênia,1
edificio italia,1
matarazzo,1
casa das caldeiras,1
zona oeste,1
pirituba,1
sao luis,1
louvre,1
haddad,1
bandeiras,1
museu arte contemporânea,1
banco do brasil,1
cidade administrativa,1
frankgehry,1
doca,1
#fechamento,1
#vidro,1
#plano,1
edificio martinelli,1
praça do correio,1
maxxi,1
constraste,1
lousa,1
#representar2015 #ecologic #prainhabranca #madeira #pedras,1
casal,1
novamerica office park,1
#cba,1
#musgoverde,1
#telhaquebrada,1
#paisagem,1
#mirante,1
#terraco,1
tangerina,1
inclinação,1
diagonal,1
ime2014,1
tenalha,1
#transição,1
#experimental,1
#política,1
#grupo,1
#oficina,1
#rua,1
vila madalena,1
piquenique,1
escorregador,1
paço municipal major eustáquio,1
#comunidade,1
retrofit,1
#traçadourbano,1
pilar redondo,1
redonda,1
linhas,1
formas,1
colméia,1
igreja santa rita,1
*espaçopublico,1
palacete josé caetano borges,1
lâminas,1
#arcosdalapa #rio,1
rampa suspensa,1
*arquiteturacontemporanea,1
*creche,1
*acessibilidade,1
*arquiteturaescolar,1
restaurantes,1
